﻿<?xml version="1.0"?>
<doc>
<assembly>
<name>
MLSTest1.0
</name>
</assembly>
<members>
<member name="T:MLSTest1.My.Resources.Resources">
<summary>
  Clase de recurso fuertemente tipado, para buscar cadenas traducidas, etc.
</summary>
</member>
<member name="P:MLSTest1.My.Resources.Resources.ResourceManager">
<summary>
  Devuelve la instancia de ResourceManager almacenada en caché utilizada por esta clase.
</summary>
</member>
<member name="P:MLSTest1.My.Resources.Resources.Culture">
<summary>
  Reemplaza la propiedad CurrentUICulture del subproceso actual para todas las
  búsquedas de recursos mediante esta clase de recurso fuertemente tipado.
</summary>
</member>
<member name="P:MLSTest1.My.Resources.Resources.dna">
<summary>
  Busca un recurso adaptado de tipo System.Drawing.Bitmap.
</summary>
</member>
<member name="M:MLSTest1.Form1.calculatex(System.Single[],System.Int32,MLSTest1.splits)">

</member>
<member name="M:MLSTest1.Form1.MCSTToolStripMenuItem_Click(System.Object,System.EventArgs)">

</member>
</members>
</doc>
